id_corredor,idade,genero,distancia,tempo_prova,cidade,estado,data_evento
1,,masc,5km,56:27,Gramado,RS,2023-12-08
2,,Male,5km,58:9,caxias do sul,rs,02-04-2023
3,,masc,42km,34:6,Gramado,Rs,23/09/2023
4,,Female,10 km,17:5,PORTO ALEGRE,Rs,2023-10-26
5,19,Male,5km,58:27,porto alegre,rs,2023-06-18
6,26,masc,21k,3h51m39s,Campinas,SP,29/01/2023
7,65,M,5km,49:10,ouro preto,MG,06/07/2023
8,62,masc,42km,42:24,UBERLANDIA,MG,11/08/2023
9,,masc,5k,00:58:50,campinas,SP,02-15-2023
10,,masc,10 km,0h47m24s,rio de janeiro,RJ,04/02/2023
11,,Male,5km,01:35:07,Ouro preto,mg,09/04/2023
12,,F,21k,58:41,CAXIAS DO SUL,rs,2023-10-13
13,60,fem,10k,05:43:41,caxias do sul,RS,2023-09-17
14,30,M,10 km,0h29m51s,Santos,sp,02-23-2023
15,21,F,10k,2h40m38s,Rio de janeiro,RJ,08-31-2023
16,,F,10 km,4h54m53s,Petropolis,rj,03-18-2023
17,18,Male,21k,4h26m44s,PORTO ALEGRE,RS,06-17-2023
18,,masc,21k,3h39m44s,rio de janeiro,RJ,2023-12-25
19,21,Male,10k,41:28,ouro preto,MG,06-29-2023
20,,fem,10k,25:25,belo horizonte,MG,05-27-2023
21,,M,10k,14:29,uberlandia,MG,02/06/2023
22,,Male,10 km,45:43,Sao paulo,Sp,03/04/2023
23,33,F,10 km,4h40m23s,Rio de janeiro,Rj,05/12/2023
24,53,fem,5km,17:5,campinas,sp,2023-08-07
25,,Female,5km,03:25:37,Sao paulo,sp,11-22-2023
26,,Male,21k,13:5,NITEROI,Rj,11-12-2023
27,,Female,10 km,00:37:23,SAO PAULO,Sp,03-09-2023
28,,Male,5k,55:38,Belo horizonte,MG,09-23-2023
29,,masc,10 km,05:42:58,Uberlandia,mg,10/11/2023
30,,Female,10k,29:6,NITEROI,RJ,06-24-2023
31,37,masc,10k,05:14:57,NITEROI,Rj,14/01/2023
32,56,Male,10k,14:18,RIO DE JANEIRO,Rj,19/02/2023
33,47,fem,10 km,05:47:33,caxias do sul,rs,07/07/2023
34,21,M,21k,02:20:55,Petropolis,rj,01/06/2023
35,56,Female,5km,04:15:53,Porto alegre,rs,26/08/2023
36,,fem,5k,04:37:54,CAXIAS DO SUL,Rs,08/07/2023
37,,Male,10 km,14:38,gramado,RS,26/12/2023
38,,F,5km,47:8,petropolis,RJ,23/11/2023
39,46,Male,10k,22:13,RIO DE JANEIRO,Rj,12-13-2023
40,59,Female,5k,02:41:40,campinas,sp,2023-06-02
41,42,Female,5k,1h29m45s,SAO PAULO,SP,2023-08-16
42,,fem,10k,1h28m29s,porto alegre,rs,13/06/2023
43,19,Female,21k,05:42:04,BELO HORIZONTE,Mg,2023-12-26
44,,F,42km,5h40m57s,GRAMADO,Rs,19/09/2023
45,,F,10k,02:10:11,Gramado,Rs,2023-12-19
46,,Female,5km,53:8,Campinas,Sp,2023-12-17
47,34,masc,42km,05:48:38,OURO PRETO,MG,2023-06-07
48,,F,21k,54:6,uberlandia,Mg,11-14-2023
49,43,M,5k,03:50:59,Belo horizonte,mg,08/02/2023
50,62,Female,42km,24:32,UBERLANDIA,MG,07-08-2023
51,,Female,42km,52:41,Santos,Sp,2023-12-21
52,61,M,5km,0h31m10s,Sao paulo,SP,2023-04-06
53,37,F,5k,4h15m1s,uberlandia,MG,2023-10-01
54,51,M,42km,04:48:41,BELO HORIZONTE,mg,2023-08-29
55,,masc,10k,05:17:02,Ouro preto,Mg,2023-12-03
56,22,Female,21k,25:42,CAMPINAS,sp,09/07/2023
57,38,Male,10k,01:12:58,Caxias do sul,RS,12-03-2023
58,31,Female,10k,10:47,campinas,Sp,05/09/2023
59,,fem,10 km,57:17,rio de janeiro,Rj,2023-12-29
60,34,fem,42km,36:47,SAO PAULO,Sp,2023-06-14
61,29,F,10 km,05:24:22,PETROPOLIS,rj,2023-05-03
62,,Female,21k,04:34:58,CAMPINAS,Sp,06-07-2023
63,38,M,5k,37:41,porto alegre,Rs,2023-07-27
64,56,fem,10 km,47:12,GRAMADO,Rs,2023-02-15
65,,M,5k,3h33m55s,petropolis,Rj,2023-12-20
66,,Female,5km,18:58,Sao paulo,SP,14/09/2023
67,,Female,10 km,04:49:56,Gramado,RS,16/05/2023
68,45,fem,5km,02:52:26,Porto alegre,rs,17/08/2023
69,,fem,5km,20:25,Ouro preto,Mg,01-22-2023
70,64,masc,5km,3h31m31s,Rio de janeiro,rj,14/03/2023
71,30,masc,10 km,3h37m27s,petropolis,RJ,10-19-2023
72,65,Female,10k,05:56:30,BELO HORIZONTE,Mg,01-25-2023
73,34,F,21k,0h33m15s,niteroi,Rj,10-07-2023
74,52,fem,21k,05:23:32,Uberlandia,MG,03-28-2023
75,35,Male,10 km,1h34m44s,niteroi,RJ,12-22-2023
76,54,F,10k,47:1,Sao paulo,SP,09-05-2023
77,52,F,21k,32:52,Santos,sp,29/03/2023
78,63,F,10k,45:33,santos,sp,20/05/2023
79,,fem,5km,01:26:32,Niteroi,RJ,08/03/2023
80,29,Female,5km,50:40,BELO HORIZONTE,MG,12/09/2023
81,44,F,21k,0h36m37s,petropolis,Rj,2023-01-28
82,,F,21k,49:49,sao paulo,SP,09-08-2023
83,56,masc,10 km,13:42,santos,Sp,2023-02-07
84,,fem,21k,03:47:34,NITEROI,Rj,26/06/2023
85,63,Female,10k,04:53:24,Santos,sp,18/02/2023
86,64,M,21k,02:58:57,Uberlandia,MG,2023-10-31
87,53,M,10 km,01:45:56,Rio de janeiro,rj,03-26-2023
88,40,Male,5k,31:41,PETROPOLIS,Rj,06-03-2023
89,41,F,21k,39:36,CAXIAS DO SUL,Rs,18/01/2023
90,,fem,42km,1h41m3s,Santos,sp,01-16-2023
91,,fem,5k,24:42,UBERLANDIA,mg,11-17-2023
92,40,M,10 km,04:42:10,CAXIAS DO SUL,rs,09/11/2023
93,,Male,21k,39:56,Petropolis,Rj,10-10-2023
94,63,fem,10k,2h59m26s,Campinas,Sp,07-21-2023
95,,masc,42km,04:41:02,Petropolis,Rj,28/05/2023
96,47,masc,21k,39:58,Santos,sp,06/07/2023
97,23,masc,21k,44:0,rio de janeiro,Rj,08-16-2023
98,63,fem,42km,4h56m49s,Uberlandia,MG,2023-11-02
99,42,masc,21k,2h53m53s,SAO PAULO,Sp,2023-07-02
100,51,Female,5k,47:28,sao paulo,Sp,02-18-2023
101,43,Female,5km,03:49:11,Gramado,Rs,09/11/2023
102,,M,10k,2h20m57s,Caxias do sul,rs,05-17-2023
103,,masc,10 km,05:32:54,uberlandia,mg,30/04/2023
104,46,masc,5k,37:42,gramado,RS,13/12/2023
105,56,Male,10 km,02:43:57,SAO PAULO,Sp,2023-10-05
106,49,masc,21k,03:10:32,CAMPINAS,SP,2023-06-01
107,,Female,21k,31:53,OURO PRETO,Mg,10-03-2023
108,41,Male,5k,00:22:41,Uberlandia,Mg,2023-12-27
109,43,Male,21k,43:58,Uberlandia,MG,03/11/2023
110,,fem,21k,34:31,RIO DE JANEIRO,rj,24/02/2023
111,,Female,5km,03:47:21,sao paulo,SP,2023-01-23
112,,F,5km,5h22m48s,ouro preto,MG,2023-03-18
113,,M,10k,45:20,CAXIAS DO SUL,Rs,11-10-2023
114,45,F,5k,4h53m57s,NITEROI,Rj,2023-10-11
115,64,fem,21k,1h47m37s,niteroi,RJ,2023-05-09
116,,Male,21k,05:37:11,Porto alegre,Rs,02-06-2023
117,38,masc,10 km,01:28:21,BELO HORIZONTE,mg,04-20-2023
118,,F,10 km,21:0,Rio de janeiro,RJ,2023-10-05
119,,M,42km,34:39,santos,Sp,2023-09-12
120,,Female,42km,02:22:59,Gramado,rs,09-24-2023
121,37,fem,10 km,02:36:09,Caxias do sul,RS,05/01/2023
122,60,M,10 km,17:52,PETROPOLIS,rj,2023-08-06
123,,fem,5k,02:59:26,Petropolis,RJ,05/04/2023
124,,Female,21k,56:49,Caxias do sul,rs,11-28-2023
125,,M,42km,19:50,NITEROI,RJ,2023-02-09
126,,F,10k,04:53:39,santos,Sp,28/08/2023
127,,F,10k,05:37:10,OURO PRETO,Mg,2023-11-01
128,53,Male,10k,4h19m58s,uberlandia,mg,2023-11-23
129,33,masc,5km,58:36,CAMPINAS,SP,2023-05-15
130,32,masc,21k,0h43m16s,UBERLANDIA,MG,2023-10-03
131,,F,10 km,00:48:17,uberlandia,MG,2023-02-10
132,46,M,5k,03:11:45,porto alegre,RS,23/11/2023
133,27,Female,10 km,00:10:03,santos,Sp,09/05/2023
134,40,Male,21k,27:20,Campinas,Sp,2023-06-26
135,,F,21k,32:59,niteroi,RJ,17/12/2023
136,,M,5km,0h13m43s,Campinas,Sp,10-24-2023
137,,Male,5k,0h24m34s,campinas,sp,11/04/2023
138,36,masc,10k,23:8,PETROPOLIS,Rj,03-07-2023
139,,Female,5k,02:45:28,SANTOS,SP,2023-11-03
140,35,F,10k,02:15:46,porto alegre,rs,03/04/2023
141,,masc,10 km,50:52,porto alegre,RS,2023-09-03
142,65,fem,42km,10:8,ouro preto,mg,2023-02-09
143,38,Female,42km,17:40,niteroi,rj,27/04/2023
144,54,Male,10k,1h47m33s,GRAMADO,rs,2023-08-31
145,40,F,42km,32:31,Rio de janeiro,rj,01-25-2023
146,51,Male,5k,00:52:27,Ouro preto,mg,03/01/2023
147,23,fem,10k,0h49m34s,Belo horizonte,mg,2023-09-18
148,29,M,42km,13:42,caxias do sul,Rs,07-07-2023
149,,Male,42km,2h41m40s,SANTOS,Sp,02/12/2023
150,24,M,5km,29:30,Gramado,Rs,02-02-2023
151,,Female,21k,00:40:35,Porto alegre,rs,2023-08-12
152,,Female,5k,32:57,petropolis,Rj,04/10/2023
153,,fem,5km,05:53:49,porto alegre,RS,08-24-2023
154,27,Male,21k,25:18,RIO DE JANEIRO,RJ,08-11-2023
155,35,fem,42km,3h49m44s,ouro preto,Mg,10/06/2023
156,31,Male,5km,4h33m35s,uberlandia,mg,01/08/2023
157,,Male,5k,02:26:54,Rio de janeiro,Rj,11-15-2023
158,22,fem,5k,28:2,santos,sp,10-12-2023
159,51,fem,5k,32:14,rio de janeiro,Rj,2023-03-15
160,34,F,5km,04:58:50,NITEROI,Rj,2023-10-08
161,,masc,5km,0h51m15s,OURO PRETO,mg,08/11/2023
162,20,masc,10k,0h17m18s,santos,SP,2023-07-30
163,45,Male,21k,50:2,Ouro preto,Mg,2023-09-02
164,45,fem,10k,04:25:40,niteroi,RJ,14/08/2023
165,,Male,5km,0h16m41s,UBERLANDIA,mg,2023-03-16
166,,Female,42km,42:59,Petropolis,rj,04-28-2023
167,63,Male,5km,4h53m0s,porto alegre,rs,2023-01-28
168,,Male,10 km,02:38:20,UBERLANDIA,MG,12-08-2023
169,,masc,21k,02:59:49,campinas,SP,2023-06-23
170,,Male,42km,03:40:36,UBERLANDIA,mg,07-02-2023
171,65,masc,5km,22:3,BELO HORIZONTE,Mg,2023-12-02
172,,Female,21k,02:15:36,SANTOS,sp,16/09/2023
173,39,Male,5km,18:2,CAXIAS DO SUL,Rs,02/10/2023
174,56,Female,42km,05:49:08,RIO DE JANEIRO,RJ,03-09-2023
175,44,masc,10k,02:49:00,campinas,Sp,2023-04-11
176,,Male,42km,51:47,Petropolis,RJ,10-15-2023
177,64,fem,21k,4h30m12s,UBERLANDIA,mg,04-03-2023
178,,fem,21k,14:33,Belo horizonte,MG,10-31-2023
179,28,M,42km,0h23m14s,porto alegre,RS,27/11/2023
180,24,M,42km,00:20:37,CAMPINAS,sp,07-17-2023
181,35,F,5km,55:7,niteroi,rj,22/03/2023
182,,M,42km,00:19:02,petropolis,RJ,2023-01-01
183,21,fem,5km,02:41:05,sao paulo,sp,07-09-2023
184,49,masc,5km,03:32:00,Gramado,rs,03-10-2023
185,,Female,42km,1h11m37s,SANTOS,Sp,02-16-2023
186,61,masc,10 km,05:41:34,CAMPINAS,SP,10-02-2023
187,63,masc,10k,5h12m20s,CAXIAS DO SUL,RS,03-04-2023
188,25,Male,10k,01:11:07,NITEROI,Rj,06-25-2023
189,52,M,5k,04:11:59,CAXIAS DO SUL,RS,11-16-2023
190,64,F,10k,2h22m28s,campinas,Sp,02/08/2023
191,28,F,21k,5h12m43s,petropolis,RJ,2023-06-15
192,46,Female,42km,03:55:14,Ouro preto,MG,2023-04-16
193,55,Male,10 km,45:18,Campinas,Sp,10-28-2023
194,25,masc,5k,38:19,PETROPOLIS,Rj,08-30-2023
195,,M,42km,05:58:37,Campinas,SP,25/12/2023
196,56,Male,5km,16:54,GRAMADO,Rs,07-31-2023
197,36,Male,10k,04:54:39,porto alegre,RS,2023-10-13
198,,F,10k,03:34:11,rio de janeiro,Rj,01-21-2023
199,24,Female,21k,0h22m5s,SANTOS,sp,2023-07-14
200,,F,21k,4h16m21s,sao paulo,SP,06/09/2023
201,25,Male,5k,0h23m20s,BELO HORIZONTE,MG,22/09/2023
202,37,F,21k,01:26:05,Santos,SP,2023-11-05
203,37,masc,5km,15:21,PETROPOLIS,Rj,03-22-2023
204,32,Female,5k,21:5,belo horizonte,mg,2023-12-13
205,27,F,42km,00:33:30,Petropolis,Rj,01-07-2023
206,57,Female,21k,16:6,CAXIAS DO SUL,RS,04-10-2023
207,36,fem,42km,16:40,CAXIAS DO SUL,Rs,09-27-2023
208,30,masc,42km,03:54:09,BELO HORIZONTE,MG,08/08/2023
209,46,F,21k,0h42m43s,sao paulo,sp,02-18-2023
210,,Female,5k,5h32m52s,uberlandia,MG,2023-06-25
211,26,fem,5k,1h25m23s,Rio de janeiro,Rj,2023-12-20
212,45,M,42km,5h28m50s,niteroi,Rj,01-02-2023
213,,Female,42km,01:48:07,CAMPINAS,Sp,01/09/2023
214,60,masc,21k,01:32:19,NITEROI,Rj,2023-05-09
215,,masc,10 km,01:37:22,ouro preto,mg,2023-06-13
216,58,Male,21k,35:56,porto alegre,Rs,04-18-2023
217,,F,42km,28:1,santos,sp,04-16-2023
218,42,fem,10k,0h51m20s,caxias do sul,rs,22/12/2023
219,,masc,42km,00:58:03,niteroi,rj,06/11/2023
220,65,F,10k,05:52:38,CAXIAS DO SUL,rs,17/12/2023
221,51,Female,10 km,5h15m22s,Gramado,Rs,17/04/2023
222,63,Female,5k,5h49m16s,NITEROI,Rj,2023-09-09
223,63,Male,10 km,1h25m26s,Sao paulo,sp,10/08/2023
224,49,Female,42km,5h32m15s,Porto alegre,rs,2023-01-14
225,37,M,5km,3h49m42s,Campinas,Sp,05/02/2023
226,49,F,10k,01:10:42,santos,Sp,10-11-2023
227,,fem,5k,00:15:34,sao paulo,SP,2023-12-24
228,36,F,10 km,4h30m53s,CAXIAS DO SUL,Rs,04-13-2023
229,,Male,10 km,32:14,campinas,Sp,11-23-2023
230,,fem,5k,27:32,ouro preto,mg,2023-08-17
231,61,Female,10k,28:52,PETROPOLIS,rj,03/04/2023
232,,F,42km,2h58m2s,CAXIAS DO SUL,Rs,03-09-2023
233,,M,5km,1h49m40s,OURO PRETO,mg,2023-05-20
234,26,F,10 km,48:58,uberlandia,Mg,2023-06-25
235,27,Male,21k,3h21m0s,PETROPOLIS,Rj,01-28-2023
236,41,Female,5k,05:42:11,uberlandia,MG,04/06/2023
237,44,M,5km,01:58:11,SAO PAULO,Sp,11-13-2023
238,22,F,10 km,52:57,CAXIAS DO SUL,RS,06-15-2023
239,38,M,10k,26:39,santos,Sp,2023-04-16
240,57,Male,21k,29:52,PETROPOLIS,Rj,16/03/2023
241,20,Female,21k,39:3,Campinas,sp,10-17-2023
242,42,fem,5k,12:9,Campinas,sp,19/10/2023
243,57,fem,10 km,1h42m4s,Niteroi,Rj,07/04/2023
244,64,M,21k,1h23m24s,niteroi,rj,2023-10-29
245,44,Female,10k,13:59,Belo horizonte,MG,06-01-2023
246,,M,42km,02:26:03,campinas,SP,2023-02-14
247,,masc,5km,00:39:01,gramado,RS,2023-02-05
248,19,masc,42km,3h56m36s,ouro preto,Mg,2023-06-10
249,58,Male,5km,1h52m2s,BELO HORIZONTE,mg,09-02-2023
250,61,M,10k,29:56,ouro preto,Mg,08-17-2023
251,65,F,21k,38:22,OURO PRETO,MG,20/06/2023
252,,Female,5km,15:27,Santos,Sp,05-11-2023
253,39,Male,10 km,15:2,santos,SP,2023-09-01
254,,F,21k,24:23,CAXIAS DO SUL,Rs,2023-05-25
255,,M,10 km,14:40,Uberlandia,MG,05-02-2023
256,46,fem,10k,44:16,BELO HORIZONTE,mg,06/01/2023
257,46,Male,21k,01:43:45,caxias do sul,RS,25/03/2023
258,44,fem,5k,50:30,Petropolis,RJ,04/09/2023
259,51,Female,10k,5h31m34s,Porto alegre,Rs,10-23-2023
260,41,masc,10 km,01:55:46,RIO DE JANEIRO,RJ,05-24-2023
261,41,M,21k,5h16m53s,CAMPINAS,Sp,08-22-2023
262,,Female,10 km,5h50m14s,ouro preto,Mg,06/05/2023
263,,F,42km,4h46m52s,porto alegre,RS,22/07/2023
264,,Male,10k,4h32m5s,belo horizonte,Mg,03-24-2023
265,61,fem,5k,02:54:05,Caxias do sul,Rs,04-10-2023
266,61,Male,42km,00:45:32,niteroi,RJ,11/06/2023
267,,masc,42km,00:37:27,gramado,RS,2023-03-01
268,43,F,10 km,23:54,UBERLANDIA,mg,04/01/2023
269,,fem,21k,25:22,rio de janeiro,Rj,11-11-2023
270,57,M,10k,3h29m17s,Gramado,Rs,2023-03-04
271,,M,5km,05:51:23,BELO HORIZONTE,MG,2023-10-14
272,24,Female,42km,40:48,Ouro preto,Mg,10-20-2023
273,19,Male,21k,5h45m14s,caxias do sul,Rs,12-05-2023
274,29,Male,42km,03:55:55,belo horizonte,Mg,2023-01-30
275,,Female,42km,0h46m15s,uberlandia,Mg,11-05-2023
276,41,F,10k,01:51:17,Porto alegre,RS,03-28-2023
277,60,Female,21k,48:5,BELO HORIZONTE,Mg,2023-11-13
278,,masc,5km,3h12m34s,Uberlandia,Mg,16/05/2023
279,,masc,5k,47:43,PORTO ALEGRE,RS,12-12-2023
280,49,F,10k,2h24m27s,niteroi,RJ,27/01/2023
281,54,masc,10 km,5h45m32s,niteroi,rj,28/08/2023
282,54,M,21k,27:21,gramado,rs,09/10/2023
283,,Female,10k,25:18,uberlandia,MG,15/06/2023
284,,Female,10k,01:32:10,UBERLANDIA,MG,2023-12-07
285,,Male,21k,23:5,Uberlandia,mg,22/02/2023
286,,Male,10k,03:25:40,belo horizonte,mg,13/04/2023
287,29,masc,10k,12:7,GRAMADO,RS,10/06/2023
288,19,Female,42km,5h29m14s,SAO PAULO,sp,05-31-2023
289,50,F,5km,10:35,Belo horizonte,Mg,11-11-2023
290,,masc,5k,1h17m4s,Uberlandia,mg,06-02-2023
291,56,Male,42km,01:33:37,Sao paulo,Sp,03-23-2023
292,45,M,10k,01:55:44,uberlandia,MG,2023-05-14
293,29,fem,10k,21:50,Gramado,Rs,2023-08-29
294,19,F,10 km,14:35,GRAMADO,rs,28/05/2023
295,48,fem,5k,05:39:05,SAO PAULO,SP,01/01/2023
296,43,Male,5km,54:39,gramado,Rs,19/10/2023
297,,F,42km,55:35,Sao paulo,sp,20/08/2023
298,58,Male,10k,3h10m12s,Santos,sp,24/02/2023
299,58,Male,5k,39:22,RIO DE JANEIRO,RJ,01-03-2023
300,,M,10k,3h18m26s,Petropolis,RJ,2023-12-03
301,30,fem,10k,51:47,Santos,SP,04-28-2023
302,43,F,5km,04:52:26,Sao paulo,sp,2023-02-26
303,41,F,42km,0h21m44s,belo horizonte,Mg,2023-06-11
304,,masc,21k,01:39:48,porto alegre,RS,22/07/2023
305,,masc,42km,05:25:45,BELO HORIZONTE,Mg,02-07-2023
306,,fem,5k,03:47:01,BELO HORIZONTE,mg,2023-07-08
307,44,fem,42km,01:19:43,porto alegre,rs,02/04/2023
308,60,F,10k,27:21,Ouro preto,mg,2023-02-15
309,25,Male,5k,42:4,ouro preto,Mg,2023-09-23
310,48,Male,10 km,25:16,PORTO ALEGRE,RS,02-21-2023
311,,masc,10 km,0h14m19s,UBERLANDIA,mg,01-23-2023
312,25,masc,21k,03:47:30,CAMPINAS,sp,11-05-2023
313,,F,42km,3h18m3s,CAMPINAS,SP,03-14-2023
314,27,M,10 km,1h45m13s,BELO HORIZONTE,MG,13/11/2023
315,,Female,10k,03:17:14,PORTO ALEGRE,Rs,07-07-2023
316,42,M,5km,00:22:01,Petropolis,rj,2023-10-17
317,37,masc,10 km,26:38,Belo horizonte,Mg,2023-01-04
318,,M,10 km,45:31,BELO HORIZONTE,mg,01-14-2023
319,60,masc,10 km,19:58,caxias do sul,Rs,07-13-2023
320,31,M,42km,37:17,SAO PAULO,SP,2023-02-04
321,,fem,5km,12:8,BELO HORIZONTE,MG,09-12-2023
322,41,Female,21k,04:13:05,PORTO ALEGRE,rs,19/12/2023
323,39,F,5k,2h29m11s,belo horizonte,MG,10-28-2023
324,34,masc,10k,11:27,Santos,sp,24/09/2023
325,,Female,5k,02:15:56,NITEROI,RJ,2023-12-30
326,,Male,5k,1h54m29s,CAMPINAS,sp,05-04-2023
327,20,M,42km,48:31,SAO PAULO,Sp,11-28-2023
328,25,fem,10 km,3h46m29s,Sao paulo,Sp,2023-10-11
329,,M,10 km,00:12:20,sao paulo,Sp,08/10/2023
330,58,Female,5k,0h14m50s,Uberlandia,MG,2023-03-15
331,31,masc,42km,0h42m56s,BELO HORIZONTE,MG,2023-03-25
332,59,M,21k,4h33m12s,Niteroi,RJ,03-04-2023
333,52,masc,21k,13:38,rio de janeiro,RJ,2023-10-29
334,,M,10 km,0h44m2s,RIO DE JANEIRO,RJ,24/02/2023
335,58,M,5km,51:55,GRAMADO,RS,02-10-2023
336,,M,42km,38:43,Belo horizonte,MG,02-28-2023
337,54,Female,10 km,05:24:25,Gramado,Rs,28/07/2023
338,,fem,10k,1h41m18s,Rio de janeiro,rj,09-16-2023
339,52,F,10 km,04:26:42,SAO PAULO,Sp,06-26-2023
340,55,fem,21k,5h31m47s,Petropolis,RJ,08-05-2023
341,,M,10k,5h57m14s,rio de janeiro,RJ,10-18-2023
342,24,F,5k,50:0,porto alegre,rs,09-05-2023
343,52,Female,21k,05:45:28,SAO PAULO,sp,03/08/2023
344,47,Male,21k,04:59:55,sao paulo,SP,24/03/2023
345,38,F,5k,2h41m13s,GRAMADO,rs,2023-10-24
346,49,F,10 km,00:35:24,CAXIAS DO SUL,RS,13/02/2023
347,25,M,5k,14:23,gramado,rs,14/10/2023
348,29,masc,21k,5h50m6s,UBERLANDIA,MG,23/09/2023
349,,masc,10k,4h49m13s,CAMPINAS,Sp,2023-09-08
350,36,M,5km,0h40m14s,Caxias do sul,rs,17/12/2023
351,30,Male,5k,01:18:11,caxias do sul,rs,10-20-2023
352,31,fem,5km,05:31:38,GRAMADO,Rs,2023-01-26
353,60,M,10k,00:17:54,SANTOS,SP,2023-05-12
354,,M,21k,3h52m33s,PORTO ALEGRE,rs,11-03-2023
355,,masc,21k,17:16,Petropolis,rj,09/03/2023
356,57,fem,5k,51:3,Campinas,Sp,2023-01-17
357,,F,21k,55:20,RIO DE JANEIRO,RJ,31/10/2023
358,40,fem,5k,42:11,PORTO ALEGRE,RS,23/07/2023
359,22,Female,21k,01:45:59,campinas,Sp,02-09-2023
360,,F,21k,25:27,Campinas,sp,11-26-2023
361,37,M,10 km,4h13m45s,PORTO ALEGRE,rs,2023-09-24
362,50,M,42km,22:32,Santos,SP,11/07/2023
363,43,Female,10 km,1h17m44s,campinas,Sp,2023-07-16
364,,F,5km,59:54,Sao paulo,Sp,12-10-2023
365,60,M,21k,11:33,RIO DE JANEIRO,Rj,2023-11-20
366,51,M,42km,5h19m41s,CAMPINAS,sp,04-17-2023
367,25,masc,42km,05:50:42,BELO HORIZONTE,MG,06-17-2023
368,56,fem,5km,0h55m41s,CAMPINAS,SP,11/06/2023
369,56,F,5k,5h58m6s,Santos,sp,2023-12-21
370,31,Female,42km,0h59m42s,SANTOS,sp,2023-06-25
371,27,fem,42km,01:10:55,sao paulo,SP,11-14-2023
372,40,F,5k,5h53m25s,petropolis,Rj,2023-11-22
373,53,F,5km,5h11m30s,PORTO ALEGRE,RS,31/05/2023
374,,Female,10k,14:22,RIO DE JANEIRO,RJ,2023-04-21
375,,M,10k,2h39m35s,Rio de janeiro,RJ,2023-09-07
376,65,F,5km,01:20:25,porto alegre,rs,19/02/2023
377,,Male,10k,3h58m9s,Ouro preto,mg,2023-10-13
378,53,Female,10k,2h11m46s,Campinas,SP,2023-01-30
379,22,fem,21k,03:59:00,santos,Sp,04/05/2023
380,18,Female,42km,14:50,Porto alegre,Rs,02/01/2023
381,,Male,5km,03:30:12,Rio de janeiro,RJ,2023-03-05
382,43,M,5k,25:47,Ouro preto,mg,08-29-2023
383,,Female,10 km,4h11m16s,PORTO ALEGRE,Rs,2023-05-28
384,,Female,21k,1h35m46s,PETROPOLIS,RJ,2023-09-29
385,27,Male,10k,27:18,uberlandia,mg,08-02-2023
386,26,M,21k,34:54,PETROPOLIS,rj,08/05/2023
387,,M,5km,00:56:16,Rio de janeiro,rj,05-16-2023
388,,Female,10k,2h51m4s,Porto alegre,rs,07-11-2023
389,59,Male,10k,1h57m51s,campinas,sp,03-08-2023
390,,masc,10k,0h31m42s,belo horizonte,MG,2023-01-05
391,,fem,5km,23:40,petropolis,RJ,2023-11-28
392,31,Male,21k,29:36,porto alegre,RS,05-17-2023
393,42,Male,42km,4h53m41s,SANTOS,SP,22/03/2023
394,,M,42km,33:49,ouro preto,Mg,01/05/2023
395,26,Male,5km,01:27:32,OURO PRETO,Mg,04/09/2023
396,22,Male,21k,00:46:11,SANTOS,sp,04-25-2023
397,,fem,5k,02:11:42,GRAMADO,rs,25/06/2023
398,41,Female,42km,03:21:12,caxias do sul,RS,05-10-2023
399,33,masc,5km,4h39m33s,Campinas,Sp,06-29-2023
400,19,Male,5k,22:29,sao paulo,sp,21/04/2023
401,31,Male,10k,54:18,Belo horizonte,Mg,30/09/2023
402,,Female,5km,11:25,PORTO ALEGRE,RS,2023-08-09
403,,F,10 km,00:56:54,SAO PAULO,SP,14/09/2023
404,30,masc,5km,01:20:29,PORTO ALEGRE,RS,12-07-2023
405,,F,5km,59:16,BELO HORIZONTE,mg,16/09/2023
406,46,masc,42km,00:40:15,caxias do sul,rs,07-04-2023
407,26,fem,5k,01:39:10,santos,SP,2023-09-01
408,55,Female,10k,0h43m43s,RIO DE JANEIRO,rj,10-14-2023
409,,Male,21k,1h12m42s,Niteroi,rj,05-29-2023
410,,Male,42km,42:3,Petropolis,RJ,2023-10-16
411,,fem,5km,38:48,UBERLANDIA,mg,2023-12-16
412,,Female,5km,01:48:26,Campinas,Sp,2023-01-13
413,62,masc,42km,35:43,CAMPINAS,sp,2023-07-15
414,31,F,42km,00:13:02,BELO HORIZONTE,Mg,29/08/2023
415,18,Female,10k,2h19m46s,santos,SP,06/06/2023
416,53,fem,21k,03:31:20,porto alegre,RS,06-11-2023
417,23,masc,10k,4h37m32s,rio de janeiro,rj,09-02-2023
418,,M,10k,00:27:29,BELO HORIZONTE,MG,2023-06-10
419,,F,5km,40:55,Petropolis,rj,15/01/2023
420,54,Male,5k,2h31m13s,Santos,Sp,04-29-2023
421,,Male,5km,29:53,Caxias do sul,RS,2023-09-29
422,27,M,5km,2h37m27s,Sao paulo,Sp,2023-01-27
423,,fem,42km,17:39,ouro preto,Mg,09-22-2023
424,36,Female,21k,32:48,SAO PAULO,sp,2023-09-12
425,28,masc,42km,1h44m1s,Caxias do sul,RS,2023-10-17
426,31,Female,21k,05:21:16,Campinas,Sp,01-15-2023
427,63,M,5km,49:18,RIO DE JANEIRO,rj,2023-02-07
428,45,F,42km,3h22m3s,rio de janeiro,RJ,2023-02-22
429,52,masc,5k,5h25m52s,rio de janeiro,RJ,2023-05-16
430,,M,10 km,04:33:44,caxias do sul,Rs,22/07/2023
431,,Male,5km,37:45,santos,sp,12-21-2023
432,,Male,10 km,4h33m56s,Rio de janeiro,Rj,27/07/2023
433,,M,42km,5h12m57s,GRAMADO,rs,06-03-2023
434,44,F,10 km,2h50m46s,OURO PRETO,mg,2023-10-01
435,,Female,10 km,1h27m46s,Rio de janeiro,Rj,2023-08-11
436,34,Male,10 km,4h56m45s,OURO PRETO,MG,2023-05-20
437,50,fem,10k,04:57:51,petropolis,rj,2023-01-07
438,45,fem,5km,33:53,BELO HORIZONTE,Mg,2023-07-25
439,34,Male,5km,02:53:24,niteroi,Rj,2023-02-03
440,46,F,5k,01:36:37,Santos,SP,26/07/2023
441,51,Male,42km,18:43,niteroi,rj,05-25-2023
442,46,F,10 km,34:26,Porto alegre,rs,2023-10-17
443,41,fem,42km,25:53,santos,Sp,01-23-2023
444,25,M,5km,05:32:01,ouro preto,mg,12-09-2023
445,24,fem,42km,00:18:28,CAXIAS DO SUL,RS,11/03/2023
446,42,fem,5km,04:14:06,uberlandia,mg,2023-03-04
447,,Female,42km,03:16:16,RIO DE JANEIRO,RJ,12-12-2023
448,35,Female,5k,4h43m25s,GRAMADO,RS,10-13-2023
449,,masc,10k,02:26:54,Sao paulo,Sp,2023-09-27
450,,F,21k,21:25,porto alegre,rs,2023-06-20
451,,M,10k,50:12,Porto alegre,rs,11/11/2023
452,46,F,5k,32:35,Porto alegre,Rs,2023-05-28
453,46,Male,5k,05:11:26,PORTO ALEGRE,Rs,2023-12-29
454,45,Female,5k,28:36,caxias do sul,Rs,12/11/2023
455,,Female,10 km,1h26m14s,PORTO ALEGRE,RS,2023-11-24
456,28,fem,5k,05:48:55,GRAMADO,rs,2023-04-11
457,55,fem,42km,37:48,rio de janeiro,Rj,2023-11-11
458,,fem,5k,2h39m10s,PORTO ALEGRE,rs,10/12/2023
459,,Male,42km,4h18m53s,uberlandia,mg,09-11-2023
460,29,Female,5km,2h26m23s,belo horizonte,Mg,25/10/2023
461,31,Male,10k,0h28m35s,uberlandia,Mg,2023-06-24
462,32,masc,21k,05:11:59,CAXIAS DO SUL,RS,13/05/2023
463,22,masc,10k,1h23m32s,Sao paulo,Sp,03-12-2023
464,,Female,5k,12:32,GRAMADO,RS,24/09/2023
465,20,Female,10k,03:28:16,Campinas,SP,08-31-2023
466,,Male,42km,23:32,Rio de janeiro,Rj,20/08/2023
467,63,masc,5k,3h50m12s,Gramado,Rs,2023-02-28
468,,F,10k,40:51,SAO PAULO,Sp,03/01/2023
469,53,M,21k,1h42m23s,SANTOS,Sp,04-23-2023
470,18,M,5km,46:28,rio de janeiro,RJ,05-12-2023
471,,F,21k,48:3,OURO PRETO,mg,11-15-2023
472,52,masc,10k,17:52,campinas,sp,01-23-2023
473,,Male,21k,02:30:52,BELO HORIZONTE,mg,2023-03-16
474,28,Male,21k,1h46m37s,niteroi,rj,28/01/2023
475,48,M,42km,42:5,Gramado,RS,2023-02-23
476,47,M,10 km,02:26:58,OURO PRETO,Mg,2023-12-12
477,,F,42km,49:53,gramado,Rs,04-10-2023
478,,fem,10k,04:23:26,niteroi,RJ,04-17-2023
479,,Female,5k,01:12:27,UBERLANDIA,Mg,18/06/2023
480,37,M,10 km,0h47m4s,Petropolis,Rj,19/01/2023
481,49,masc,5k,00:58:31,gramado,RS,11-25-2023
482,27,masc,21k,58:2,caxias do sul,Rs,2023-08-02
483,42,M,42km,03:10:07,Santos,SP,2023-05-06
484,32,masc,42km,02:35:58,CAXIAS DO SUL,rs,2023-03-19
485,25,F,10 km,34:15,NITEROI,Rj,2023-03-01
486,,masc,10 km,05:42:58,PORTO ALEGRE,RS,2023-12-07
487,,Male,10k,04:22:03,PORTO ALEGRE,rs,15/05/2023
488,22,fem,42km,1h24m18s,santos,sp,2023-04-11
489,21,fem,21k,03:55:20,petropolis,RJ,2023-10-18
490,61,Male,21k,43:51,SANTOS,Sp,05-24-2023
491,,masc,10 km,53:52,PETROPOLIS,rj,06/07/2023
492,32,masc,21k,05:57:56,Gramado,rs,2023-03-29
493,40,F,10 km,13:43,gramado,rs,12/07/2023
494,24,masc,10k,00:42:39,petropolis,Rj,2023-08-02
495,,Male,42km,59:0,Niteroi,RJ,2023-08-15
496,63,Male,5km,51:14,BELO HORIZONTE,MG,02-26-2023
497,56,Female,5km,04:57:42,petropolis,RJ,08/11/2023
498,,fem,42km,21:45,Campinas,sp,05-14-2023
499,56,fem,10 km,00:59:03,Petropolis,RJ,12/01/2023
500,35,Male,42km,47:28,niteroi,rj,2023-02-06
501,,fem,21k,03:20:34,GRAMADO,rs,06/07/2023
502,43,masc,10 km,3h57m29s,Rio de janeiro,RJ,2023-10-13
503,26,Female,42km,3h50m14s,NITEROI,Rj,2023-11-08
504,45,Male,5km,12:42,OURO PRETO,mg,08-26-2023
505,33,F,42km,2h16m54s,Rio de janeiro,RJ,11/03/2023
506,,masc,10 km,3h21m5s,SAO PAULO,Sp,09-03-2023
507,,fem,10 km,35:45,Ouro preto,MG,01-13-2023
508,33,Male,5k,16:20,RIO DE JANEIRO,Rj,24/04/2023
509,30,Male,5km,43:7,SANTOS,SP,2023-06-14
510,,Female,10 km,11:7,santos,sp,2023-04-27
511,,Male,5k,4h10m28s,Santos,sp,11/11/2023
512,60,M,21k,3h17m53s,Sao paulo,Sp,2023-08-12
513,39,fem,10 km,04:33:10,Campinas,Sp,02/08/2023
514,,masc,10 km,00:26:43,GRAMADO,rs,2023-12-30
515,,Female,5k,01:24:52,niteroi,Rj,2023-08-27
516,,fem,5km,5h55m52s,porto alegre,Rs,2023-05-03
517,65,F,21k,1h15m36s,CAMPINAS,SP,13/09/2023
518,35,F,5k,33:14,GRAMADO,RS,06-05-2023
519,62,Female,5km,00:40:10,Ouro preto,mg,05-17-2023
520,63,Female,10 km,02:27:51,Campinas,SP,01-29-2023
521,,Male,5km,01:23:23,caxias do sul,rs,30/05/2023
522,18,M,5k,2h10m3s,UBERLANDIA,Mg,01-12-2023
523,53,F,10 km,05:29:31,sao paulo,sp,09-01-2023
524,39,M,10k,02:52:56,ouro preto,MG,18/03/2023
525,58,F,5km,05:45:11,santos,sp,09-07-2023
526,42,fem,10 km,42:5,PETROPOLIS,RJ,07-18-2023
527,46,masc,5k,01:49:20,BELO HORIZONTE,mg,25/05/2023
528,,fem,42km,01:14:10,uberlandia,Mg,01-30-2023
529,41,Female,10 km,26:32,Belo horizonte,Mg,07-30-2023
530,64,F,5k,02:58:23,belo horizonte,Mg,12-09-2023
531,48,Female,10 km,02:55:09,Petropolis,Rj,10-03-2023
532,20,Male,10k,00:41:30,belo horizonte,Mg,2023-01-06
533,22,masc,21k,05:54:39,OURO PRETO,mg,17/11/2023
534,,M,5km,1h21m59s,CAXIAS DO SUL,RS,2023-05-06
535,42,Male,10 km,26:3,niteroi,RJ,2023-02-23
536,28,Female,10 km,0h33m46s,uberlandia,mg,01-13-2023
537,19,F,10k,01:52:11,NITEROI,RJ,08-23-2023
538,19,Male,21k,00:13:39,santos,Sp,06-16-2023
539,32,F,42km,53:28,Gramado,RS,12-09-2023
540,25,fem,42km,02:11:37,Caxias do sul,rs,25/03/2023
541,57,M,10 km,4h24m52s,Caxias do sul,rs,2023-08-12
542,,Female,5k,01:16:27,belo horizonte,Mg,06/07/2023
543,57,F,10k,00:34:57,belo horizonte,mg,2023-02-22
544,,Male,42km,51:31,NITEROI,Rj,07/09/2023
545,,Male,5k,05:43:00,santos,Sp,22/01/2023
546,,masc,5k,5h38m32s,santos,Sp,2023-12-19
547,,M,10 km,3h18m13s,Porto alegre,RS,11-19-2023
548,,masc,42km,00:17:33,Uberlandia,MG,2023-01-07
549,57,masc,10k,1h39m24s,campinas,sp,08/10/2023
550,44,F,10k,04:51:59,Caxias do sul,rs,04-06-2023
551,,F,10 km,01:52:41,caxias do sul,Rs,30/11/2023
552,58,fem,5km,3h14m22s,BELO HORIZONTE,MG,28/07/2023
553,,masc,42km,03:51:12,Sao paulo,Sp,08-07-2023
554,31,fem,10k,03:52:31,petropolis,Rj,03-09-2023
555,38,masc,42km,24:41,uberlandia,Mg,2023-07-21
556,,fem,5k,5h46m45s,Uberlandia,MG,11/09/2023
557,,F,10k,5h17m13s,Porto alegre,RS,02/12/2023
558,,Female,42km,42:0,sao paulo,SP,05-03-2023
559,58,fem,5k,27:1,CAXIAS DO SUL,rs,29/08/2023
560,44,fem,10k,4h38m55s,PETROPOLIS,rj,05-07-2023
561,47,Male,5k,02:43:08,OURO PRETO,mg,28/07/2023
562,26,F,42km,01:20:04,rio de janeiro,rj,2023-05-20
563,40,masc,10 km,37:42,BELO HORIZONTE,mg,11/07/2023
564,42,masc,10k,0h42m37s,caxias do sul,RS,02/03/2023
565,31,masc,42km,04:51:35,Niteroi,Rj,2023-11-16
566,,M,21k,53:31,uberlandia,mg,21/12/2023
567,45,Male,5km,5h34m20s,Uberlandia,mg,2023-11-09
568,58,F,5km,0h34m7s,Sao paulo,sp,21/07/2023
569,31,fem,42km,01:46:05,OURO PRETO,MG,2023-07-10
570,32,F,10 km,04:57:05,Campinas,sp,11/03/2023
571,,fem,21k,4h58m46s,Gramado,RS,2023-12-03
572,63,M,5k,02:29:55,sao paulo,SP,2023-01-29
573,59,Male,5km,1h37m42s,Uberlandia,MG,04/01/2023
574,61,M,42km,5h12m40s,SANTOS,SP,2023-10-03
575,,Female,21k,5h57m2s,CAMPINAS,sp,12-30-2023
576,,M,10k,01:27:08,Uberlandia,Mg,2023-02-13
577,40,masc,42km,1h52m34s,Belo horizonte,mg,2023-03-03
578,47,Female,21k,02:58:30,belo horizonte,Mg,2023-05-08
579,29,fem,10 km,01:36:51,Gramado,Rs,07/06/2023
580,28,Male,5km,3h25m43s,Gramado,Rs,2023-09-19
581,,fem,5km,04:52:22,PETROPOLIS,RJ,20/04/2023
582,60,masc,10k,00:46:00,rio de janeiro,RJ,05-03-2023
583,,M,10k,3h24m35s,PETROPOLIS,Rj,03-22-2023
584,,Female,5km,52:18,Caxias do sul,Rs,12-06-2023
585,,M,42km,11:36,caxias do sul,RS,11/02/2023
586,45,masc,5km,3h34m57s,BELO HORIZONTE,Mg,2023-01-12
587,62,Female,5k,02:38:39,Caxias do sul,RS,17/09/2023
588,48,masc,5k,0h26m44s,sao paulo,sp,08-03-2023
589,45,fem,5km,2h30m31s,Gramado,rs,08-14-2023
590,51,fem,42km,1h42m24s,PETROPOLIS,Rj,08/05/2023
591,31,M,10 km,1h44m58s,Porto alegre,RS,2023-10-29
592,65,Female,10 km,1h56m51s,NITEROI,Rj,04/08/2023
593,45,Male,42km,05:31:05,Sao paulo,sp,03/06/2023
594,56,fem,10k,58:26,belo horizonte,mg,08-22-2023
595,60,fem,21k,04:53:57,Petropolis,Rj,05-14-2023
596,36,fem,42km,3h24m49s,Rio de janeiro,Rj,07-01-2023
597,25,masc,42km,50:3,OURO PRETO,MG,28/09/2023
598,60,Female,21k,00:23:34,rio de janeiro,rj,21/08/2023
599,,Female,5k,45:8,OURO PRETO,mg,17/05/2023
600,,Female,10k,33:46,Belo horizonte,mg,2023-05-05
601,56,M,10 km,01:47:33,belo horizonte,Mg,09-29-2023
602,22,masc,5km,3h23m11s,Niteroi,Rj,03-18-2023
603,51,F,21k,33:39,Gramado,Rs,14/03/2023
604,44,M,5k,3h37m30s,campinas,sp,2023-01-18
605,35,masc,42km,0h13m48s,porto alegre,RS,03-18-2023
606,,M,21k,13:59,belo horizonte,mg,22/12/2023
607,,masc,5km,05:13:31,RIO DE JANEIRO,Rj,2023-06-27
608,18,fem,21k,15:11,Sao paulo,SP,01/03/2023
609,58,fem,5km,29:15,Porto alegre,rs,2023-09-15
610,54,Male,21k,1h24m56s,belo horizonte,mg,02/12/2023
611,,Female,42km,33:45,Sao paulo,sp,04-10-2023
612,53,masc,10 km,3h26m53s,Sao paulo,Sp,2023-12-22
613,46,masc,21k,0h31m4s,Caxias do sul,Rs,21/05/2023
614,21,fem,5k,04:51:19,PORTO ALEGRE,Rs,06/02/2023
615,20,Male,42km,52:27,Ouro preto,MG,2023-12-22
616,56,M,10 km,19:48,CAXIAS DO SUL,rs,2023-08-30
617,59,Female,5km,03:57:35,Uberlandia,MG,03-29-2023
618,,F,10 km,02:16:22,campinas,sp,2023-04-26
619,41,fem,10k,0h11m2s,Rio de janeiro,RJ,07/11/2023
620,41,Female,42km,4h42m46s,sao paulo,Sp,03-04-2023
621,38,M,21k,47:23,NITEROI,rj,2023-03-21
622,42,M,21k,26:56,BELO HORIZONTE,Mg,2023-04-08
623,,M,10k,05:27:58,Rio de janeiro,Rj,2023-03-28
624,,Female,5k,32:26,Caxias do sul,rs,2023-09-21
625,30,masc,10 km,04:20:04,GRAMADO,Rs,2023-01-16
626,64,Male,10 km,1h25m10s,rio de janeiro,rj,2023-02-22
627,34,masc,10k,10:30,gramado,RS,06-21-2023
628,65,Male,10 km,0h47m7s,SANTOS,sp,03/02/2023
629,,M,21k,33:47,Caxias do sul,RS,06/10/2023
630,42,fem,10k,16:11,NITEROI,Rj,11/05/2023
631,37,F,10 km,2h23m15s,Petropolis,Rj,2023-09-03
632,29,Female,21k,4h36m26s,gramado,rs,2023-03-11
633,30,Male,42km,1h10m45s,Rio de janeiro,Rj,2023-01-01
634,46,Male,21k,02:57:29,caxias do sul,Rs,06-23-2023
635,35,F,21k,22:34,Caxias do sul,RS,26/06/2023
636,,masc,42km,5h23m39s,niteroi,rj,2023-12-26
637,24,Female,42km,02:17:55,OURO PRETO,Mg,11-10-2023
638,60,Male,5km,28:7,OURO PRETO,MG,06-02-2023
639,,Male,42km,10:30,Caxias do sul,rs,01-05-2023
640,,fem,42km,00:32:44,gramado,rs,2023-01-04
641,,masc,42km,3h37m11s,SAO PAULO,sp,07/02/2023
642,,masc,21k,1h20m35s,PETROPOLIS,Rj,2023-07-15
643,55,Male,42km,51:15,PETROPOLIS,rj,11-14-2023
644,51,M,42km,03:53:49,SANTOS,Sp,05-26-2023
645,51,fem,10k,05:24:04,GRAMADO,Rs,03/12/2023
646,26,masc,42km,26:21,Petropolis,Rj,2023-10-01
647,64,masc,10k,3h25m12s,Belo horizonte,MG,2023-04-08
648,,Male,5k,04:15:19,SANTOS,SP,2023-02-25
649,63,Male,21k,00:51:18,ouro preto,mg,10-04-2023
650,35,F,5km,00:40:10,porto alegre,RS,12-15-2023
651,36,Male,10 km,01:22:36,Sao paulo,sp,03-11-2023
652,48,fem,5km,10:12,BELO HORIZONTE,Mg,2023-09-23
653,65,F,42km,01:24:56,Sao paulo,sp,2023-11-29
654,33,Male,42km,25:38,uberlandia,mg,22/05/2023
655,36,masc,5km,00:59:51,campinas,Sp,04-04-2023
656,29,Male,42km,42:52,uberlandia,mg,30/03/2023
657,,fem,10 km,4h38m35s,petropolis,Rj,2023-09-08
658,34,Female,5km,02:30:29,campinas,Sp,03-24-2023
659,23,F,5k,41:2,belo horizonte,Mg,2023-08-02
660,53,Male,10k,03:22:04,Campinas,SP,16/03/2023
661,30,Male,10k,3h25m34s,BELO HORIZONTE,mg,2023-11-06
662,46,F,5k,4h43m39s,petropolis,Rj,29/01/2023
663,28,M,42km,05:21:11,ouro preto,MG,2023-12-22
664,,Male,5k,5h27m31s,SAO PAULO,sp,2023-07-09
665,,F,5k,44:4,belo horizonte,mg,03-03-2023
666,18,F,21k,18:36,SANTOS,sp,12-30-2023
667,25,masc,42km,46:29,Campinas,SP,01-02-2023
668,53,Female,10 km,4h34m7s,sao paulo,sp,18/02/2023
669,,F,5k,58:59,santos,sp,29/10/2023
670,65,Female,5km,35:57,Caxias do sul,rs,08-16-2023
671,52,Male,42km,2h58m31s,porto alegre,rs,2023-08-01
672,,Female,10 km,20:50,uberlandia,mg,19/05/2023
673,46,M,5km,01:59:22,Ouro preto,MG,2023-02-04
674,43,fem,42km,3h19m23s,Ouro preto,mg,16/03/2023
675,,M,5km,05:55:08,caxias do sul,RS,12-17-2023
676,,F,10k,31:56,Petropolis,Rj,10-04-2023
677,21,F,10 km,1h43m21s,UBERLANDIA,mg,08-08-2023
678,47,M,10 km,58:4,CAXIAS DO SUL,rs,01-21-2023
679,25,masc,5km,19:18,Rio de janeiro,rj,01/02/2023
680,21,F,21k,05:39:00,Santos,sp,06-29-2023
681,64,F,5k,0h52m9s,Belo horizonte,Mg,27/10/2023
682,,masc,21k,54:15,niteroi,Rj,24/10/2023
683,,fem,21k,22:50,Petropolis,Rj,04-21-2023
684,59,M,10 km,28:28,Campinas,sp,04/05/2023
685,,F,42km,2h32m37s,Petropolis,Rj,2023-03-08
686,59,F,10k,3h27m38s,santos,SP,28/01/2023
687,23,M,10k,54:6,Niteroi,RJ,12/04/2023
688,,Male,5k,04:28:18,caxias do sul,Rs,2023-07-06
689,27,Female,10k,03:12:37,CAMPINAS,SP,2023-03-26
690,39,Male,21k,33:26,UBERLANDIA,MG,2023-02-27
691,45,fem,10 km,00:15:54,PETROPOLIS,RJ,17/06/2023
692,44,masc,42km,04:25:18,Ouro preto,mg,2023-12-02
693,,masc,21k,02:11:12,campinas,SP,14/04/2023
694,37,fem,42km,02:50:53,uberlandia,mg,2023-07-14
695,29,F,10k,04:23:19,belo horizonte,mg,2023-05-29
696,37,Male,21k,4h24m21s,Petropolis,Rj,12-16-2023
697,53,F,5k,0h23m28s,CAXIAS DO SUL,rs,2023-10-31
698,,masc,21k,01:39:15,NITEROI,Rj,08/08/2023
699,39,masc,10k,45:29,porto alegre,RS,13/03/2023
700,24,fem,42km,21:54,CAMPINAS,SP,05-06-2023
701,,Female,5km,50:41,Ouro preto,Mg,08/02/2023
702,64,Female,10 km,30:48,NITEROI,rj,10-23-2023
703,,F,10 km,0h31m24s,uberlandia,mg,09/02/2023
704,39,Male,10 km,03:10:24,CAXIAS DO SUL,RS,12-14-2023
705,28,masc,10 km,02:43:55,CAXIAS DO SUL,RS,2023-04-03
706,,Male,42km,2h21m17s,GRAMADO,RS,05-03-2023
707,41,F,5k,56:32,uberlandia,mg,29/07/2023
708,39,M,21k,1h48m37s,Caxias do sul,RS,02-10-2023
709,,M,10 km,59:23,gramado,Rs,2023-05-09
710,45,fem,5k,1h23m32s,BELO HORIZONTE,Mg,2023-06-12
711,,M,5k,0h58m51s,Petropolis,Rj,10-06-2023
712,18,masc,10 km,4h59m25s,Niteroi,Rj,01-22-2023
713,31,masc,21k,29:45,Belo horizonte,Mg,2023-03-10
714,,fem,42km,04:39:54,SAO PAULO,sp,01-24-2023
715,21,M,5k,10:9,Sao paulo,SP,2023-05-09
716,31,Female,21k,4h46m36s,Uberlandia,MG,01-31-2023
717,,fem,10 km,02:30:14,Rio de janeiro,RJ,2023-04-03
718,37,F,10 km,03:18:35,Petropolis,rj,03/10/2023
719,,Female,21k,49:28,uberlandia,Mg,2023-12-27
720,41,M,21k,46:54,BELO HORIZONTE,Mg,2023-03-15
721,27,fem,21k,4h43m57s,Sao paulo,SP,08-08-2023
722,,fem,42km,01:40:06,Ouro preto,mg,11/07/2023
723,,M,10k,17:2,Ouro preto,Mg,01/04/2023
724,34,Male,5km,59:17,SAO PAULO,SP,2023-04-20
725,39,Male,10k,5h56m6s,porto alegre,RS,08-06-2023
726,,F,5k,03:27:08,Porto alegre,Rs,01-28-2023
727,53,masc,5k,29:27,NITEROI,rj,2023-05-30
728,26,Female,42km,2h20m50s,PORTO ALEGRE,Rs,10-23-2023
729,,Female,10k,03:28:13,Gramado,RS,06/01/2023
730,,masc,10k,1h41m16s,SAO PAULO,sp,10/09/2023
731,26,Female,10 km,57:29,belo horizonte,MG,2023-08-25
732,55,fem,5k,55:37,Belo horizonte,mg,05-08-2023
733,,Female,21k,03:28:49,SANTOS,Sp,2023-08-28
734,,F,42km,0h15m37s,Sao paulo,Sp,2023-10-13
735,35,fem,21k,5h36m37s,OURO PRETO,MG,07-27-2023
736,62,Male,21k,02:54:41,OURO PRETO,mg,2023-03-26
737,,fem,21k,02:17:32,gramado,rs,15/06/2023
738,49,fem,10 km,3h28m8s,ouro preto,Mg,09/10/2023
739,44,M,10 km,05:19:18,Sao paulo,sp,07/09/2023
740,,Female,21k,25:57,Caxias do sul,Rs,2023-08-14
741,31,fem,21k,25:13,Belo horizonte,Mg,2023-09-04
742,57,fem,21k,02:24:26,Belo horizonte,MG,22/03/2023
743,,masc,10 km,16:20,UBERLANDIA,Mg,12-12-2023
744,,F,21k,2h32m8s,Sao paulo,SP,2023-10-12
745,34,Female,21k,2h50m50s,NITEROI,RJ,2023-11-05
746,57,masc,10k,04:43:26,Sao paulo,SP,28/04/2023
747,21,Male,5k,0h29m13s,PETROPOLIS,RJ,28/12/2023
748,51,Female,42km,04:48:38,Petropolis,rj,02/12/2023
749,28,M,10 km,00:11:26,OURO PRETO,mg,08-29-2023
750,51,masc,5km,43:8,rio de janeiro,RJ,16/06/2023
751,39,fem,5km,10:33,Campinas,SP,2023-01-15
752,,fem,42km,00:40:47,NITEROI,RJ,2023-07-20
753,56,F,10k,5h59m35s,Uberlandia,Mg,2023-09-11
754,,M,42km,00:27:11,GRAMADO,Rs,09-05-2023
755,22,Male,5k,52:44,Gramado,rs,21/03/2023
756,52,Female,10k,12:2,CAMPINAS,sp,17/04/2023
757,,F,42km,12:18,Campinas,Sp,05-21-2023
758,34,M,42km,1h24m16s,Ouro preto,mg,09-07-2023
759,,masc,10 km,02:20:09,Caxias do sul,RS,15/07/2023
760,,F,10k,01:56:09,Uberlandia,mg,01-05-2023
761,27,F,10k,01:30:14,gramado,Rs,09-28-2023
762,,masc,5km,03:26:50,RIO DE JANEIRO,Rj,03-31-2023
763,62,Male,42km,4h59m41s,Santos,SP,2023-09-07
764,39,M,5k,03:22:26,sao paulo,Sp,11-21-2023
765,41,F,5k,5h49m52s,UBERLANDIA,MG,2023-06-15
766,63,Female,5k,02:31:12,PETROPOLIS,Rj,07-21-2023
767,38,F,10k,1h15m16s,petropolis,Rj,2023-06-07
768,,M,21k,5h42m32s,PETROPOLIS,rj,2023-08-10
769,36,fem,21k,01:39:37,porto alegre,Rs,12-13-2023
770,21,F,5km,50:7,Rio de janeiro,Rj,08/08/2023
771,35,Male,21k,3h34m23s,campinas,SP,26/11/2023
772,,F,42km,1h45m29s,rio de janeiro,rj,21/09/2023
773,45,fem,10k,01:10:55,CAXIAS DO SUL,Rs,12-21-2023
774,,fem,10k,04:39:46,SANTOS,Sp,2023-03-12
775,48,F,21k,5h17m56s,SAO PAULO,SP,26/09/2023
776,37,F,10k,05:50:20,gramado,rs,2024-01-01
777,18,Male,10 km,05:21:00,UBERLANDIA,MG,2023-08-22
778,26,fem,10k,0h32m34s,caxias do sul,rs,11-08-2023
779,31,F,5km,04:21:14,Campinas,Sp,03/10/2023
780,40,masc,10 km,01:12:13,Niteroi,RJ,2023-01-26
781,,Female,21k,54:3,Santos,SP,2023-11-13
782,,Male,42km,00:45:37,NITEROI,rj,09/12/2023
783,51,Female,5k,1h10m6s,Uberlandia,mg,03/01/2023
784,,F,5km,05:30:48,GRAMADO,rs,12-03-2023
785,,Female,5km,27:49,OURO PRETO,mg,07-26-2023
786,37,F,5k,2h16m50s,Campinas,SP,2023-11-20
787,61,masc,5k,4h16m40s,BELO HORIZONTE,mg,02-10-2023
788,,masc,5km,4h22m3s,campinas,SP,2023-09-28
789,,fem,21k,03:44:05,RIO DE JANEIRO,RJ,01-31-2023
790,29,masc,21k,01:30:36,PORTO ALEGRE,rs,21/11/2023
791,,F,21k,00:49:32,Rio de janeiro,RJ,2023-08-15
792,,fem,21k,0h17m44s,RIO DE JANEIRO,Rj,24/02/2023
793,,F,42km,14:16,Belo horizonte,MG,01-09-2023
794,39,M,5km,04:39:47,Santos,SP,10-11-2023
795,,M,5km,1h29m57s,UBERLANDIA,MG,30/08/2023
796,,fem,42km,13:57,RIO DE JANEIRO,RJ,11-18-2023
797,,Female,10k,02:57:22,SAO PAULO,sp,08-20-2023
798,65,fem,10k,23:25,OURO PRETO,Mg,07-11-2023
799,48,M,42km,03:50:18,CAMPINAS,Sp,21/07/2023
800,,F,21k,02:14:19,Gramado,RS,2023-01-15
801,46,M,5km,03:36:57,UBERLANDIA,MG,11/03/2023
802,63,Male,42km,3h21m46s,BELO HORIZONTE,MG,10-09-2023
803,63,fem,5km,3h25m40s,gramado,RS,02-24-2023
804,,M,10 km,0h36m16s,NITEROI,rj,2023-05-22
805,60,Female,42km,34:6,Ouro preto,mg,22/06/2023
806,40,Male,10 km,00:12:32,GRAMADO,RS,2023-12-23
807,,Male,5km,0h24m49s,CAMPINAS,Sp,20/07/2023
808,25,Female,5k,05:49:21,Campinas,sp,11-01-2023
809,46,masc,5k,00:21:30,Niteroi,Rj,2023-07-01
810,,Male,5km,0h10m59s,belo horizonte,MG,2023-03-22
811,21,F,21k,54:18,Ouro preto,Mg,2023-08-21
812,30,F,10k,4h42m21s,porto alegre,RS,25/03/2023
813,41,Male,42km,1h26m38s,santos,Sp,12/06/2023
814,,M,5km,35:57,CAMPINAS,SP,2023-06-02
815,53,Male,5k,01:29:10,PORTO ALEGRE,Rs,25/05/2023
816,,F,21k,40:27,Sao paulo,Sp,2023-02-05
817,46,masc,10k,03:15:28,Caxias do sul,Rs,2023-06-15
818,38,fem,10k,19:5,niteroi,RJ,02-19-2023
819,46,Male,10k,04:21:03,Porto alegre,Rs,20/12/2023
820,59,Male,10 km,00:15:50,Belo horizonte,MG,2023-01-02
821,49,Male,5km,04:51:05,campinas,sp,05/11/2023
822,37,F,10 km,54:5,uberlandia,MG,10-23-2023
823,45,Male,21k,4h47m8s,Ouro preto,MG,2023-12-30
824,,fem,42km,02:44:37,Caxias do sul,rs,14/12/2023
825,,Male,5k,1h57m24s,Belo horizonte,MG,03-03-2023
826,56,F,10k,02:19:48,petropolis,Rj,10-18-2023
827,,fem,10k,01:49:57,niteroi,rj,2023-05-11
828,,Female,42km,2h23m59s,Campinas,SP,22/10/2023
829,62,Female,5km,3h10m13s,sao paulo,sp,15/06/2023
830,55,Male,5k,1h53m59s,SANTOS,Sp,25/05/2023
831,41,M,10 km,2h19m58s,caxias do sul,Rs,08-26-2023
832,21,Female,10k,5h59m22s,Santos,sp,2023-04-26
833,32,masc,21k,23:22,ouro preto,MG,03/12/2023
834,57,masc,21k,1h45m34s,niteroi,RJ,14/04/2023
835,59,fem,10k,00:21:51,CAXIAS DO SUL,Rs,18/01/2023
836,,Male,5k,49:45,OURO PRETO,MG,2023-02-18
837,28,M,21k,27:29,Santos,Sp,06/11/2023
838,,Male,10k,5h52m43s,Petropolis,RJ,2023-02-24
839,,Female,5k,00:10:21,santos,Sp,14/06/2023
840,39,F,42km,17:7,Sao paulo,Sp,27/02/2023
841,,masc,21k,22:39,RIO DE JANEIRO,Rj,2023-05-24
842,,Female,42km,00:42:14,campinas,sp,2023-03-13
843,43,fem,10 km,0h39m22s,Niteroi,rj,2023-05-27
844,18,F,10k,44:47,Campinas,SP,2023-04-24
845,,Male,42km,55:28,Gramado,rs,09/06/2023
846,26,F,10k,30:2,NITEROI,rj,2023-09-01
847,34,masc,10 km,48:53,CAXIAS DO SUL,RS,02-06-2023
848,,F,5k,05:42:10,uberlandia,mg,2023-04-08
849,,fem,10k,2h38m56s,PETROPOLIS,Rj,04-24-2023
850,39,Female,5k,00:17:54,Campinas,sp,12-31-2023
851,,Male,10 km,05:38:35,Ouro preto,MG,2023-12-06
852,43,F,5km,5h50m31s,UBERLANDIA,Mg,2023-01-18
853,,F,10k,3h48m3s,Belo horizonte,mg,13/08/2023
854,20,F,5km,4h27m45s,GRAMADO,RS,2023-12-17
855,29,fem,21k,18:22,OURO PRETO,mg,16/09/2023
856,41,fem,21k,3h10m33s,NITEROI,rj,28/09/2023
857,,fem,10k,04:22:19,CAMPINAS,SP,21/08/2023
858,61,Male,5k,01:41:11,OURO PRETO,mg,11-11-2023
859,46,F,10 km,4h37m11s,petropolis,Rj,2023-04-23
860,58,masc,42km,1h49m35s,Niteroi,Rj,18/09/2023
861,23,masc,42km,05:24:04,caxias do sul,Rs,2023-02-18
862,,Male,5km,2h25m41s,ouro preto,mg,02-15-2023
863,,F,10k,00:37:21,OURO PRETO,mg,2023-10-26
864,19,fem,21k,02:10:01,Rio de janeiro,RJ,01/07/2023
865,20,Female,21k,04:24:54,rio de janeiro,rj,2023-01-25
866,,masc,5km,26:59,Belo horizonte,mg,12-11-2023
867,37,masc,42km,01:54:44,SAO PAULO,Sp,2023-11-28
868,18,Female,42km,35:56,SAO PAULO,Sp,18/08/2023
869,65,masc,21k,50:0,PORTO ALEGRE,RS,2023-11-06
870,,F,10 km,00:49:42,porto alegre,rs,04/01/2023
871,43,F,21k,03:14:29,uberlandia,MG,24/04/2023
872,,Male,10k,46:55,GRAMADO,Rs,12-11-2023
873,50,fem,42km,04:23:10,Niteroi,RJ,01/08/2023
874,,fem,5k,58:41,caxias do sul,RS,04/11/2023
875,18,Male,10k,0h10m14s,belo horizonte,MG,21/03/2023
876,,fem,10k,4h27m56s,SANTOS,Sp,07-17-2023
877,48,Male,10k,5h26m32s,Belo horizonte,mg,2023-12-23
878,43,masc,5k,3h44m10s,Campinas,Sp,2023-06-10
879,40,masc,5km,58:52,PETROPOLIS,Rj,2023-10-16
880,,fem,5k,2h57m37s,Uberlandia,mg,2023-05-25
881,,F,10k,36:30,Rio de janeiro,RJ,2023-07-08
882,,M,10k,04:15:19,santos,sp,25/09/2023
883,55,M,10 km,5h44m51s,petropolis,RJ,2023-02-09
884,,fem,21k,0h17m3s,gramado,Rs,2023-10-30
885,60,M,5k,57:54,Belo horizonte,MG,21/12/2023
886,59,M,5km,02:37:46,Gramado,RS,08-08-2023
887,49,Female,42km,03:54:43,SAO PAULO,SP,03-13-2023
888,,Female,5k,00:57:06,porto alegre,rs,2023-10-17
889,,Female,42km,51:34,porto alegre,Rs,2023-06-19
890,,fem,21k,02:27:48,PORTO ALEGRE,Rs,04-27-2023
891,18,masc,10 km,03:14:50,Gramado,RS,2023-03-27
892,25,masc,21k,12:6,uberlandia,mg,08/07/2023
893,,F,5km,23:18,campinas,Sp,04/06/2023
894,27,Male,21k,1h35m28s,belo horizonte,mg,08/01/2023
895,52,Female,21k,0h57m30s,caxias do sul,rs,05/11/2023
896,52,F,10k,04:31:38,Belo horizonte,Mg,2023-08-17
897,50,Female,42km,3h42m36s,OURO PRETO,MG,21/09/2023
898,29,M,5k,1h48m25s,santos,sp,12-27-2023
899,63,fem,5km,16:43,PETROPOLIS,rj,09-01-2023
900,38,Female,5km,37:28,Santos,Sp,12-06-2023
901,,masc,42km,39:9,belo horizonte,mg,06-06-2023
902,,Female,10k,5h49m20s,Campinas,Sp,04/05/2023
903,43,M,21k,2h52m27s,Santos,sp,07-23-2023
904,34,Male,10k,02:26:21,Uberlandia,Mg,10-01-2023
905,46,fem,5k,03:36:01,gramado,RS,12-04-2023
906,31,Male,10 km,50:42,Ouro preto,Mg,01-12-2023
907,,Male,10k,35:19,RIO DE JANEIRO,RJ,09-26-2023
908,57,masc,42km,5h23m13s,PETROPOLIS,Rj,18/07/2023
909,,F,5km,05:19:55,Sao paulo,Sp,26/06/2023
910,23,M,21k,31:48,Caxias do sul,rs,2023-04-20
911,,Female,5k,0h26m8s,PORTO ALEGRE,Rs,03-25-2023
912,,F,10k,2h12m18s,PORTO ALEGRE,rs,2023-11-19
913,,masc,5k,0h48m15s,uberlandia,MG,13/10/2023
914,51,fem,42km,04:43:23,uberlandia,MG,05-24-2023
915,,Female,42km,15:30,sao paulo,SP,2024-01-01
916,32,F,10k,04:48:24,Caxias do sul,RS,2023-02-07
917,,masc,42km,0h43m4s,PETROPOLIS,rj,03/06/2023
918,58,fem,42km,14:7,Porto alegre,RS,2023-02-05
919,49,M,5k,03:37:30,Niteroi,rj,03-22-2023
920,41,M,5km,2h58m45s,caxias do sul,rs,05-04-2023
921,,masc,5km,2h10m19s,PORTO ALEGRE,Rs,12-31-2023
922,34,Female,5km,41:7,campinas,sp,06-13-2023
923,,fem,5km,03:51:09,CAMPINAS,Sp,18/12/2023
924,43,fem,5k,39:33,ouro preto,mg,2023-07-30
925,29,fem,42km,5h49m10s,BELO HORIZONTE,mg,02-11-2023
926,55,Female,10k,49:4,Ouro preto,mg,07-20-2023
927,,F,42km,0h56m57s,UBERLANDIA,MG,2023-09-18
928,,fem,21k,12:31,Uberlandia,MG,09-06-2023
929,25,F,10 km,04:33:25,Petropolis,RJ,2023-02-28
930,,Female,10 km,3h53m12s,Santos,Sp,12-14-2023
931,64,Female,5k,36:7,Belo horizonte,mg,2023-02-09
932,37,F,10k,43:22,Caxias do sul,Rs,08/01/2023
933,62,masc,5km,00:32:50,Rio de janeiro,RJ,2023-07-28
934,24,Female,42km,56:7,Gramado,RS,09-28-2023
935,25,F,42km,14:44,RIO DE JANEIRO,RJ,16/08/2023
936,30,Male,42km,37:47,porto alegre,rs,29/01/2023
937,48,F,21k,04:36:08,CAXIAS DO SUL,RS,07-31-2023
938,54,Female,10 km,3h16m8s,RIO DE JANEIRO,rj,05-28-2023
939,58,F,5km,0h31m26s,Santos,Sp,01-19-2023
940,,fem,10 km,05:53:15,Gramado,rs,06/01/2023
941,20,Male,5km,3h35m15s,CAXIAS DO SUL,Rs,01-07-2023
942,23,F,5km,30:40,Belo horizonte,mg,07-11-2023
943,,Female,5k,0h59m38s,santos,SP,07-21-2023
944,,F,10 km,31:12,Campinas,SP,03-31-2023
945,,Male,5k,2h37m25s,Gramado,rs,2023-07-15
946,63,M,10 km,01:48:13,Gramado,rs,07-28-2023
947,51,M,10k,36:47,NITEROI,RJ,09/09/2023
948,24,Male,5k,0h39m49s,SANTOS,sp,16/01/2023
949,,masc,5km,19:19,caxias do sul,RS,2023-03-21
950,41,fem,10 km,0h36m13s,UBERLANDIA,Mg,2023-01-28
951,,masc,10 km,3h57m50s,Porto alegre,Rs,08-29-2023
952,18,Male,10 km,2h12m33s,SANTOS,sp,16/05/2023
953,58,Male,10k,3h48m49s,gramado,RS,05-07-2023
954,58,F,10k,32:17,Belo horizonte,mg,06-27-2023
955,37,Male,21k,03:37:28,NITEROI,rj,03-26-2023
956,24,Female,10k,03:46:18,RIO DE JANEIRO,rj,02-26-2023
957,,fem,10k,00:28:39,BELO HORIZONTE,MG,04-04-2023
958,,F,42km,56:39,CAXIAS DO SUL,rs,03-17-2023
959,,masc,21k,29:31,Ouro preto,mg,11-19-2023
960,42,F,5k,4h25m54s,Uberlandia,mg,02-24-2023
961,38,M,5km,03:51:00,Uberlandia,mg,2023-02-06
962,34,Male,5km,49:48,Belo horizonte,MG,26/06/2023
963,,Male,10 km,2h33m51s,CAMPINAS,Sp,03-23-2023
964,,fem,5k,00:16:52,PORTO ALEGRE,Rs,2023-11-10
965,,M,42km,4h39m26s,PETROPOLIS,rj,2023-03-02
966,22,masc,10 km,55:57,Santos,Sp,11-20-2023
967,34,masc,10k,2h58m46s,SAO PAULO,Sp,03/03/2023
968,33,fem,21k,02:28:19,CAXIAS DO SUL,RS,02-07-2023
969,34,masc,21k,01:24:19,CAXIAS DO SUL,rs,06-19-2023
970,48,fem,42km,46:0,NITEROI,RJ,29/04/2023
971,,masc,42km,3h23m54s,GRAMADO,RS,10/09/2023
972,,F,21k,5h21m13s,porto alegre,Rs,2023-10-31
973,21,F,21k,03:11:21,SANTOS,sp,18/12/2023
974,22,F,10k,02:46:26,Uberlandia,MG,08/08/2023
975,34,masc,42km,4h44m9s,Campinas,SP,09/03/2023
976,56,Male,10 km,03:20:37,CAXIAS DO SUL,RS,29/09/2023
977,35,F,10 km,54:27,ouro preto,MG,23/03/2023
978,50,Female,21k,00:41:34,belo horizonte,MG,2023-08-13
979,,Female,10 km,0h48m32s,Sao paulo,sp,11-27-2023
980,20,fem,42km,59:38,Sao paulo,Sp,25/10/2023
981,64,masc,42km,05:22:03,Santos,Sp,13/05/2023
982,,M,10k,1h20m37s,Ouro preto,MG,22/01/2023
983,57,F,21k,04:37:16,Gramado,rs,07/11/2023
984,,fem,5km,01:20:33,Niteroi,Rj,2023-04-20
985,,M,21k,3h44m39s,Sao paulo,Sp,02-22-2023
986,,F,5k,03:40:01,gramado,RS,2023-03-22
987,40,Male,5km,56:24,Uberlandia,mg,02-13-2023
988,41,F,5k,4h47m5s,Uberlandia,MG,2023-03-26
989,,Female,10 km,1h54m17s,SANTOS,SP,01-07-2023
990,22,masc,21k,47:14,UBERLANDIA,MG,14/03/2023
991,23,masc,10 km,02:59:34,Caxias do sul,rs,17/07/2023
992,25,masc,5km,33:6,PORTO ALEGRE,rs,08-23-2023
993,,F,10k,3h43m49s,UBERLANDIA,Mg,07-31-2023
994,41,F,21k,2h22m25s,uberlandia,mg,11-28-2023
995,56,M,42km,26:57,OURO PRETO,Mg,2023-09-05
996,,Male,5km,0h27m43s,CAMPINAS,sp,10/02/2023
997,50,Female,10k,04:45:05,Caxias do sul,rs,14/09/2023
998,,M,10k,32:3,Gramado,Rs,20/03/2023
999,23,fem,42km,12:9,UBERLANDIA,MG,2023-04-28
1000,24,Male,42km,4h16m27s,rio de janeiro,Rj,2023-03-30
